{
    "root_group": {
        "checks": {
            "status is 200": {
                "name": "status is 200",
                "path": "::status is 200",
                "id": "6210a8cd14cd70477eba5c5e4cb3fb5f",
                "passes": 13042,
                "fails": 15520
            },
            "response time < 5s": {
                "path": "::response time < 5s",
                "id": "a3d09e379831fbbef42cf19ba2dad1ea",
                "passes": 20073,
                "fails": 8489,
                "name": "response time < 5s"
            }
        },
        "name": "",
        "path": "",
        "id": "d41d8cd98f00b204e9800998ecf8427e",
        "groups": {}
    },
    "metrics": {
        "http_req_waiting": {
            "avg": 3188.5031473962927,
            "min": 70.551443,
            "med": 117.15946550000001,
            "max": 10100.828605,
            "p(90)": 10069.136484999999,
            "p(95)": 10070.6086919
        },
        "http_req_sending": {
            "med": 0.0365935,
            "max": 20.323769,
            "p(90)": 0.05303070000000001,
            "p(95)": 0.06761559999999997,
            "avg": 0.04265551817099681,
            "min": 0.009337
        },
        "http_req_failed": {
            "passes": 15520,
            "fails": 13042,
            "thresholds": {
                "rate<0.1": true
            },
            "value": 0.5433793151740074
        },
        "http_req_blocked": {
            "p(95)": 0.009066,
            "avg": 0.2654650663819056,
            "min": 0.001908,
            "med": 0.006063,
            "max": 86.120467,
            "p(90)": 0.008168900000000002
        },
        "vus_max": {
            "value": 50,
            "min": 50,
            "max": 50
        },
        "data_received": {
            "count": 13195424,
            "rate": 4385.20884164586
        },
        "http_req_tls_handshaking": {
            "avg": 0,
            "min": 0,
            "med": 0,
            "max": 0,
            "p(90)": 0,
            "p(95)": 0
        },
        "http_req_duration": {
            "max": 10100.988392,
            "p(90)": 10069.314935,
            "p(95)": 10070.786691,
            "avg": 3188.6628130753006,
            "min": 70.616218,
            "med": 117.2771255,
            "thresholds": {
                "p(95)<5000": true
            }
        },
        "http_req_duration{expected_response:true}": {
            "min": 71.150244,
            "med": 84.905585,
            "max": 10074.423232,
            "p(90)": 1285.027319299999,
            "p(95)": 4310.409801099998,
            "avg": 713.7187638168248
        },
        "iteration_duration": {
            "p(90)": 11070.385263400001,
            "p(95)": 11071.8909034,
            "avg": 4189.89478230147,
            "min": 1071.162821,
            "med": 1120.0324575,
            "max": 11158.868307
        },
        "http_reqs": {
            "rate": 9.491952280964146,
            "count": 28562
        },
        "http_req_connecting": {
            "avg": 0.25835241464183173,
            "min": 0,
            "med": 0,
            "max": 86.002733,
            "p(90)": 0,
            "p(95)": 0
        },
        "iterations": {
            "rate": 9.491952280964146,
            "count": 28562
        },
        "http_req_receiving": {
            "p(95)": 0.18937429999999988,
            "avg": 0.11701016084307861,
            "min": 0.023887,
            "med": 0.097688,
            "max": 19.997841,
            "p(90)": 0.1552185
        },
        "checks": {
            "fails": 24009,
            "passes": 33115,
            "value": 0.579703802254744
        },
        "vus": {
            "value": 1,
            "min": 1,
            "max": 50
        },
        "data_sent": {
            "count": 12510156,
            "rate": 4157.475099062296
        }
    }
}