{
    "root_group": {
        "path": "",
        "id": "d41d8cd98f00b204e9800998ecf8427e",
        "groups": {},
        "checks": {
                "status is 200": {
                    "name": "status is 200",
                    "path": "::status is 200",
                    "id": "6210a8cd14cd70477eba5c5e4cb3fb5f",
                    "passes": 18504,
                    "fails": 4712
                }
            },
        "name": ""
    },
    "metrics": {
        "http_req_tls_handshaking": {
            "p(95)": 0,
            "avg": 0,
            "min": 0,
            "med": 0,
            "max": 0,
            "p(90)": 0
        },
        "iterations": {
            "count": 23216,
            "rate": 126.14717904478019
        },
        "vus": {
            "value": 54,
            "min": 54,
            "max": 1000
        },
        "http_req_waiting": {
            "max": 60003.036087,
            "p(90)": 5321.2441155,
            "p(95)": 8336.94619275,
            "avg": 2727.10166378947,
            "min": 0,
            "med": 2274.0713075
        },
        "data_sent": {
            "count": 8409855,
            "rate": 45696.04946699
        },
        "http_req_duration": {
            "avg": 2727.270864744092,
            "min": 0,
            "med": 2274.21654,
            "max": 60003.08874,
            "p(90)": 5321.3272385,
            "p(95)": 8337.065891499999
        },
        "http_req_receiving": {
            "max": 9.597793,
            "p(90)": 0.196884,
            "p(95)": 0.26413925,
            "avg": 0.10524380702963443,
            "min": 0,
            "med": 0.078025
        },
        "vus_max": {
            "value": 1000,
            "min": 1000,
            "max": 1000
        },
        "http_req_duration{expected_response:true}": {
            "p(95)": 6520.541295399999,
            "avg": 2880.324733240972,
            "min": 280.940708,
            "med": 2345.74938,
            "max": 30823.466428,
            "p(90)": 5080.5894967
        },
        "data_received": {
            "count": 10512822,
            "rate": 57122.79630857616
        },
        "http_req_connecting": {
            "med": 0,
            "max": 16874.084858,
            "p(90)": 0,
            "p(95)": 0,
            "avg": 30.539139813964518,
            "min": 0
        },
        "http_req_blocked": {
            "avg": 30.58176199508955,
            "min": 0,
            "med": 0.003956,
            "max": 16874.134787,
            "p(90)": 0.0066949999999999996,
            "p(95)": 0.010161
        },
        "http_reqs": {
            "count": 23216,
            "rate": 126.14717904478019
        },
        "http_req_sending": {
            "avg": 0.06395714761371485,
            "min": 0,
            "med": 0.0227215,
            "max": 39.744996,
            "p(90)": 0.0637125,
            "p(95)": 0.08804875
        },
        "checks": {
            "passes": 18504,
            "fails": 4712,
            "value": 0.7970365265334253
        },
        "http_req_failed": {
            "fails": 18504,
            "passes": 4712,
            "value": 0.20296347346657478
        },
        "iteration_duration": {
            "p(95)": 30007.984182,
            "avg": 7788.477852480239,
            "min": 281.417613,
            "med": 2518.9675485,
            "max": 60014.844293,
            "p(90)": 30001.324072
        }
    }
}